{
  "mean_frac": 0.289775,
  "taus": [
    93.86724293202813,
    340.57837838349144,
    314.75184320937893,
    327.6365293717629,
    96.1697065530717
  ],
  "mean_tau": 234.6007400899466,
  "tau": 340
}