{
  "mean_frac": 0.27939649999999994,
  "taus": [
    346.3529768517155,
    193.04367110812765,
    387.70777777923894,
    368.946919246163,
    91.68748887319177
  ],
  "mean_tau": 277.5477667716874,
  "tau": 387
}