{
  "mean_frac": 0.279559375,
  "taus": [
    299.7217917045031,
    120.4405151404682,
    335.7857983828832,
    376.4936859372466,
    87.3812092873505
  ],
  "mean_tau": 243.96460009049034,
  "tau": 376
}