{
  "mean_frac": 0.27900125000000003,
  "taus": [
    955.8549510520728,
    337.07863461497243,
    880.6987973549192,
    334.28240252012677,
    702.9663017339094
  ],
  "mean_tau": 642.1762174552001,
  "tau": 955
}