{
  "mean_frac": 0.23520875,
  "taus": [
    756.2619970179913,
    1533.9785802847682,
    1109.575961486429,
    1331.1955426392715,
    654.721099823523
  ],
  "mean_tau": 1077.1466362503966,
  "tau": 1533
}