{
  "mean_frac": 0.26179625,
  "taus": [
    124.53277334692994,
    491.78903277587864,
    458.6987088352548,
    565.3001024467783,
    124.15676058856447
  ],
  "mean_tau": 352.89547559868123,
  "tau": 565
}