{
  "mean_frac": 0.29905499999999996,
  "taus": [
    623.2323148580779,
    220.02317001879447,
    398.58794265178193,
    268.848915578303,
    208.59725589556245
  ],
  "mean_tau": 343.85791980050396,
  "tau": 623
}