{
  "mean_frac": 0.33874515625,
  "taus": [
    494.6967590875125,
    238.75660887979572,
    945.7301289532962,
    288.7133372375919,
    2432.5239009856255
  ],
  "mean_tau": 880.0841470287644,
  "tau": 2432
}